{"VIN":6235234,"odometer":1.2346234E7,"consumption":124534.0,"odometerReading":1.23456341E8,"engineSize":6.0,"milesPerGallon":99.13946392149936,"vin":6235234}