{"VIN":666666,"odometer":6.66666666E8,"consumption":9.9999999E7,"odometerReading":6666666.0,"engineSize":6.6,"vin":666666}